url,http_status,class,location,robots,canonical
https://cnfcd.life/外食族減脂攻略：台灣常見餐食的血糖地雷排行/,301,redirect,https://cnfcd.life/eating-out-fat-loss-taiwan-blood-sugar/,,
https://cnfcd.life/運動了還是瘦不下來？你可能搞錯了減脂的順序/,301,redirect,https://cnfcd.life/exercise-but-not-losing-weight-fat-loss-order/,,
https://cnfcd.life/間歇性斷食真的有效嗎？台灣人最常犯的-3-個錯誤/,301,redirect,https://cnfcd.life/intermittent-fasting-effective-taiwan-3-mistakes/,,
https://cnfcd.life/cnfcd-產品是什麼？六大模組帶你看懂完整的代謝修復/,301,redirect,https://cnfcd.life/cnfcd-product-six-modules-metabolic-system/,,
https://cnfcd.life/代謝症候群與失眠：血糖不穩定如何讓你整夜睡不/,301,redirect,https://cnfcd.life/metabolic-syndrome-insomnia-blood-sugar/,,
https://cnfcd.life/兒童肥胖：台灣小胖子比例創新高，代謝問題從小/,301,redirect,https://cnfcd.life/taiwan-children-obesity-metabolic-issues/,,
https://cnfcd.life/女性減脂為什麼比男性難？荷爾蒙週期與體脂的關/,301,redirect,https://cnfcd.life/female-fat-loss-hormones-menstrual-cycle-difficulty/,,
https://cnfcd.life/about-cnfcd/,200,indexable_200,,"max-image-preview:large | index, follow, max-image-preview:large, max-snippet:-1, max-video-preview:-1",https://cnfcd.life/about-cnfcd/
https://cnfcd.life/cnfcd-faq/,200,indexable_200,,"max-image-preview:large | index, follow, max-image-preview:large, max-snippet:-1, max-video-preview:-1",https://cnfcd.life/cnfcd-faq/
https://cnfcd.life/tag/homebody-zh/,200,noindex_follow,,"max-image-preview:large | noindex, follow, max-image-preview:large",
https://cnfcd.life/category/cnfcd/,200,noindex_follow,,"max-image-preview:large | noindex, follow, max-image-preview:large",
https://cnfcd.life/privacy-policy/,200,indexable_200,,"max-image-preview:large | index, follow, max-image-preview:large, max-snippet:-1, max-video-preview:-1",https://cnfcd.life/privacy-policy/
https://cnfcd.life/category/age-range/,200,noindex_follow,,"max-image-preview:large | noindex, follow, max-image-preview:large",
https://cnfcd.life/en/tag/homebody-en/,200,noindex_follow,,"max-image-preview:large | noindex, follow, max-image-preview:large",
https://cnfcd.life/category/cnfcd-articles/,200,noindex_follow,,"max-image-preview:large | noindex, follow, max-image-preview:large",
https://cnfcd.life/en/author/suninnovative/,200,noindex_follow,,"max-image-preview:large | noindex, follow, max-image-preview:large",
https://cnfcd.life/author/suninnovative/,200,noindex_follow,,"max-image-preview:large | noindex, follow, max-image-preview:large",
https://cnfcd.life/cnfcd-complete-guide/,200,indexable_200,,"max-image-preview:large | index, follow, max-image-preview:large, max-snippet:-1, max-video-preview:-1",https://cnfcd.life/cnfcd-complete-guide/
https://cnfcd.life/en/category/age-range/,200,noindex_follow,,"max-image-preview:large | noindex, follow, max-image-preview:large",
https://cnfcd.life/hotpot-fat-loss-guide/,200,indexable_200,,"max-image-preview:large | index, follow, max-image-preview:large, max-snippet:-1, max-video-preview:-1",https://cnfcd.life/hotpot-fat-loss-guide/
https://cnfcd.life/author/cnfcd-resetwith/,200,noindex_follow,,"max-image-preview:large | noindex, follow, max-image-preview:large",
https://cnfcd.life/weight-loss-plateau-science/,200,indexable_200,,"max-image-preview:large | index, follow, max-image-preview:large, max-snippet:-1, max-video-preview:-1",https://cnfcd.life/weight-loss-plateau-science/
https://cnfcd.life/bubble-tea-metabolism-truth/,200,indexable_200,,"max-image-preview:large | index, follow, max-image-preview:large, max-snippet:-1, max-video-preview:-1",https://cnfcd.life/bubble-tea-metabolism-truth/
https://cnfcd.life/category/age-range/under-18/,200,noindex_follow,,"max-image-preview:large | noindex, follow, max-image-preview:large",
https://cnfcd.life/category/cases-zh/female-zh/,200,noindex_follow,,"max-image-preview:large | noindex, follow, max-image-preview:large",
https://cnfcd.life/who-is-cnfcd-for-5-types/,200,indexable_200,,"max-image-preview:large | index, follow, max-image-preview:large, max-snippet:-1, max-video-preview:-1",https://cnfcd.life/who-is-cnfcd-for-5-types/
https://cnfcd.life/category/age-range/36-45/,200,noindex_follow,,"max-image-preview:large | noindex, follow, max-image-preview:large",
https://cnfcd.life/category/age-range/46-55/,200,noindex_follow,,"max-image-preview:large | noindex, follow, max-image-preview:large",
https://cnfcd.life/category/age-range/56-65/,200,noindex_follow,,"max-image-preview:large | noindex, follow, max-image-preview:large",
https://cnfcd.life/category/cases-zh/male-zh/,200,noindex_follow,,"max-image-preview:large | noindex, follow, max-image-preview:large",
https://cnfcd.life/en/author/cnfcd-resetwith/,200,noindex_follow,,"max-image-preview:large | noindex, follow, max-image-preview:large",
https://cnfcd.life/category/age-range/over-66/,200,noindex_follow,,"max-image-preview:large | noindex, follow, max-image-preview:large",
https://cnfcd.life/cnfcd-cost-worth-it-review/,200,indexable_200,,"max-image-preview:large | index, follow, max-image-preview:large, max-snippet:-1, max-video-preview:-1",https://cnfcd.life/cnfcd-cost-worth-it-review/
https://cnfcd.life/en/cnfcd-complete-guide-en/,200,indexable_200,,"max-image-preview:large | index, follow, max-image-preview:large, max-snippet:-1, max-video-preview:-1",https://cnfcd.life/en/cnfcd-complete-guide-en/
https://cnfcd.life/fat-loss-week2-plateau-why/,200,indexable_200,,"max-image-preview:large | index, follow, max-image-preview:large, max-snippet:-1, max-video-preview:-1",https://cnfcd.life/fat-loss-week2-plateau-why/
https://cnfcd.life/lol-boy-weightloss-success/,200,indexable_200,,"max-image-preview:large | index, follow, max-image-preview:large, max-snippet:-1, max-video-preview:-1",https://cnfcd.life/lol-boy-weightloss-success/
https://cnfcd.life/alcohol-fat-loss-complete-guide/,200,indexable_200,,"max-image-preview:large | index, follow, max-image-preview:large, max-snippet:-1, max-video-preview:-1",https://cnfcd.life/alcohol-fat-loss-complete-guide/
https://cnfcd.life/brown-fat-activation-metabolism/,200,indexable_200,,"max-image-preview:large | index, follow, max-image-preview:large, max-snippet:-1, max-video-preview:-1",https://cnfcd.life/brown-fat-activation-metabolism/
https://cnfcd.life/cnfcd-vs-other-fat-loss-methods/,200,indexable_200,,"max-image-preview:large | index, follow, max-image-preview:large, max-snippet:-1, max-video-preview:-1",https://cnfcd.life/cnfcd-vs-other-fat-loss-methods/
https://cnfcd.life/fat-loss-plateau-complete-guide/,200,indexable_200,,"max-image-preview:large | index, follow, max-image-preview:large, max-snippet:-1, max-video-preview:-1",https://cnfcd.life/fat-loss-plateau-complete-guide/
https://cnfcd.life/obesity-arthritis-knee-pressure/,301,redirect,https://cnfcd.life/obesity-arthritis-joint-inflammation/,,
https://cnfcd.life/bubble-tea-blood-sugar-guide/,200,indexable_200,,"max-image-preview:large | index, follow, max-image-preview:large, max-snippet:-1, max-video-preview:-1",https://cnfcd.life/bubble-tea-blood-sugar-guide/
https://cnfcd.life/cnfcd-cost-worth-it-review-2/,301,redirect,https://cnfcd.life/cnfcd-cost-worth-it-review/,,
https://cnfcd.life/en/category/cases-en/male-en/,200,noindex_follow,,"max-image-preview:large | noindex, follow, max-image-preview:large",
https://cnfcd.life/gerd-visceral-fat-root-cause/,200,indexable_200,,"max-image-preview:large | index, follow, max-image-preview:large, max-snippet:-1, max-video-preview:-1",https://cnfcd.life/gerd-visceral-fat-root-cause/
https://cnfcd.life/low-gi-food-list-taiwan-diet/,200,indexable_200,,"max-image-preview:large | index, follow, max-image-preview:large, max-snippet:-1, max-video-preview:-1",https://cnfcd.life/low-gi-food-list-taiwan-diet/
https://cnfcd.life/women-fat-loss-complete-guide/,200,indexable_200,,"max-image-preview:large | index, follow, max-image-preview:large, max-snippet:-1, max-video-preview:-1",https://cnfcd.life/women-fat-loss-complete-guide/
https://cnfcd.life/breakfast-shop-fat-loss-guide/,200,indexable_200,,"max-image-preview:large | index, follow, max-image-preview:large, max-snippet:-1, max-video-preview:-1",https://cnfcd.life/breakfast-shop-fat-loss-guide/
https://cnfcd.life/cnfcd-fat-burning-tca-science/,200,indexable_200,,"max-image-preview:large | index, follow, max-image-preview:large, max-snippet:-1, max-video-preview:-1",https://cnfcd.life/cnfcd-fat-burning-tca-science/
https://cnfcd.life/cnfcd-first-week-body-changes/,200,indexable_200,,"max-image-preview:large | index, follow, max-image-preview:large, max-snippet:-1, max-video-preview:-1",https://cnfcd.life/cnfcd-first-week-body-changes/
https://cnfcd.life/fat-loss-mindset-3-key-shifts/,200,indexable_200,,"max-image-preview:large | index, follow, max-image-preview:large, max-snippet:-1, max-video-preview:-1",https://cnfcd.life/fat-loss-mindset-3-key-shifts/
https://cnfcd.life/resetwith-brand-overview-page/,200,indexable_200,,"max-image-preview:large | index, follow, max-image-preview:large, max-snippet:-1, max-video-preview:-1",https://cnfcd.life/resetwith-brand-overview-page/
https://cnfcd.life/binge-eating-at-night-solution/,200,indexable_200,,"max-image-preview:large | index, follow, max-image-preview:large, max-snippet:-1, max-video-preview:-1",https://cnfcd.life/binge-eating-at-night-solution/
https://cnfcd.life/category/health-knowledge-base/,200,noindex_follow,,"max-image-preview:large | noindex, follow, max-image-preview:large",
https://cnfcd.life/en/who-is-cnfcd-for-5-types-en/,200,indexable_200,,"max-image-preview:large | index, follow, max-image-preview:large, max-snippet:-1, max-video-preview:-1",https://cnfcd.life/en/who-is-cnfcd-for-5-types-en/
https://cnfcd.life/en/category/cases-en/female-en/,200,noindex_follow,,"max-image-preview:large | noindex, follow, max-image-preview:large",
https://cnfcd.life/fat-loss-plateau-eat-less-myth/,200,indexable_200,,"max-image-preview:large | index, follow, max-image-preview:large, max-snippet:-1, max-video-preview:-1",https://cnfcd.life/fat-loss-plateau-eat-less-myth/
https://cnfcd.life/three-highs-30-day-diet-action-plan/,200,indexable_200,,"max-image-preview:large | index, follow, max-image-preview:large, max-snippet:-1, max-video-preview:-1",https://cnfcd.life/three-highs-30-day-diet-action-plan/
https://cnfcd.life/en/women-fat-loss-complete-guide-en/,200,indexable_200,,"max-image-preview:large | index, follow, max-image-preview:large, max-snippet:-1, max-video-preview:-1",https://cnfcd.life/en/women-fat-loss-complete-guide-en/
https://cnfcd.life/en/breakfast-shop-fat-loss-guide-en/,200,indexable_200,,"max-image-preview:large | index, follow, max-image-preview:large, max-snippet:-1, max-video-preview:-1",https://cnfcd.life/en/breakfast-shop-fat-loss-guide-en/
https://cnfcd.life/en/cnfcd-first-week-body-changes-en/,200,indexable_200,,"max-image-preview:large | index, follow, max-image-preview:large, max-snippet:-1, max-video-preview:-1",https://cnfcd.life/en/cnfcd-first-week-body-changes-en/
https://cnfcd.life/en/cnfcd-story-reclaimed-self-worth/,200,indexable_200,,"max-image-preview:large | index, follow, max-image-preview:large, max-snippet:-1, max-video-preview:-1",https://cnfcd.life/en/cnfcd-story-reclaimed-self-worth/
https://cnfcd.life/en/fatty-liver-nafld-reversal-guide/,200,indexable_200,,"max-image-preview:large | index, follow, max-image-preview:large, max-snippet:-1, max-video-preview:-1",https://cnfcd.life/en/fatty-liver-nafld-reversal-guide/
https://cnfcd.life/en/low-hdl-cholesterol-how-to-raise/,200,indexable_200,,"max-image-preview:large | index, follow, max-image-preview:large, max-snippet:-1, max-video-preview:-1",https://cnfcd.life/en/low-hdl-cholesterol-how-to-raise/
https://cnfcd.life/high-triglycerides-meaning-fat-loss/,200,indexable_200,,"max-image-preview:large | index, follow, max-image-preview:large, max-snippet:-1, max-video-preview:-1",https://cnfcd.life/high-triglycerides-meaning-fat-loss/
https://cnfcd.life/mindful-eating-emotional-regulation/,200,indexable_200,,"max-image-preview:large | index, follow, max-image-preview:large, max-snippet:-1, max-video-preview:-1",https://cnfcd.life/mindful-eating-emotional-regulation/
https://cnfcd.life/weight-fluctuation-normal-causes/,200,indexable_200,,"max-image-preview:large | index, follow, max-image-preview:large, max-snippet:-1, max-video-preview:-1",https://cnfcd.life/weight-fluctuation-normal-causes/
https://cnfcd.life/convenience-store-fat-loss-guide/,200,indexable_200,,"max-image-preview:large | index, follow, max-image-preview:large, max-snippet:-1, max-video-preview:-1",https://cnfcd.life/convenience-store-fat-loss-guide/
https://cnfcd.life/en/category/age-range/ages-46-55/,200,noindex_follow,,"max-image-preview:large | noindex, follow, max-image-preview:large",
https://cnfcd.life/en/category/age-range/ages-36-45/,200,noindex_follow,,"max-image-preview:large | noindex, follow, max-image-preview:large",
https://cnfcd.life/en/cnfcd-direct-sales-mlm-or-not/,200,indexable_200,,"max-image-preview:large | index, follow, max-image-preview:large, max-snippet:-1, max-video-preview:-1",https://cnfcd.life/en/cnfcd-direct-sales-mlm-or-not/
https://cnfcd.life/family-healthy-eating-strategies/,200,indexable_200,,"max-image-preview:large | index, follow, max-image-preview:large, max-snippet:-1, max-video-preview:-1",https://cnfcd.life/family-healthy-eating-strategies/
https://cnfcd.life/obesity-cancer-risk-who-13-types/,200,indexable_200,,"max-image-preview:large | index, follow, max-image-preview:large, max-snippet:-1, max-video-preview:-1",https://cnfcd.life/obesity-cancer-risk-who-13-types/
https://cnfcd.life/omega3-metabolic-health-evidence/,200,indexable_200,,"max-image-preview:large | index, follow, max-image-preview:large, max-snippet:-1, max-video-preview:-1",https://cnfcd.life/omega3-metabolic-health-evidence/
https://cnfcd.life/stress-eating-cortisol-mechanism/,200,indexable_200,,"max-image-preview:large | index, follow, max-image-preview:large, max-snippet:-1, max-video-preview:-1",https://cnfcd.life/stress-eating-cortisol-mechanism/
https://cnfcd.life/body-fat-scale-accuracy-explained/,200,indexable_200,,"max-image-preview:large | index, follow, max-image-preview:large, max-snippet:-1, max-video-preview:-1",https://cnfcd.life/body-fat-scale-accuracy-explained/
https://cnfcd.life/cnfcd-vs-conventional-weight-loss/,200,indexable_200,,"max-image-preview:large | index, follow, max-image-preview:large, max-snippet:-1, max-video-preview:-1",https://cnfcd.life/cnfcd-vs-conventional-weight-loss/
https://cnfcd.life/cnfcd-vs-other-fat-loss-methods-2/,301,redirect,https://cnfcd.life/cnfcd-vs-other-fat-loss-methods/,,
https://cnfcd.life/cnfcd-weightloss-confidence-story/,200,indexable_200,,"max-image-preview:large | index, follow, max-image-preview:large, max-snippet:-1, max-video-preview:-1",https://cnfcd.life/cnfcd-weightloss-confidence-story/
https://cnfcd.life/cnfcd-joy123-gut-repair-mechanism/,200,indexable_200,,"max-image-preview:large | index, follow, max-image-preview:large, max-snippet:-1, max-video-preview:-1",https://cnfcd.life/cnfcd-joy123-gut-repair-mechanism/
https://cnfcd.life/cnfcd-real-client-case-collection/,200,indexable_200,,"max-image-preview:large | index, follow, max-image-preview:large, max-snippet:-1, max-video-preview:-1",https://cnfcd.life/cnfcd-real-client-case-collection/
https://cnfcd.life/diabetes-blood-sugar-organ-damage/,200,indexable_200,,"max-image-preview:large | index, follow, max-image-preview:large, max-snippet:-1, max-video-preview:-1",https://cnfcd.life/diabetes-blood-sugar-organ-damage/
https://cnfcd.life/dietary-fiber-gut-scfa-metabolism/,200,indexable_200,,"max-image-preview:large | index, follow, max-image-preview:large, max-snippet:-1, max-video-preview:-1",https://cnfcd.life/dietary-fiber-gut-scfa-metabolism/
https://cnfcd.life/en/bubble-tea-metabolism-truth-en/,200,indexable_200,,"max-image-preview:large | index, follow, max-image-preview:large, max-snippet:-1, max-video-preview:-1",https://cnfcd.life/en/bubble-tea-metabolism-truth-en/
https://cnfcd.life/en/category/age-range/age-over-66/,200,noindex_follow,,"max-image-preview:large | noindex, follow, max-image-preview:large",
https://cnfcd.life/en/category/health-knowledge-base/,200,noindex_follow,,"max-image-preview:large | noindex, follow, max-image-preview:large",
https://cnfcd.life/en/hotpot-fat-loss-complete-guide/,200,indexable_200,,"max-image-preview:large | index, follow, max-image-preview:large, max-snippet:-1, max-video-preview:-1",https://cnfcd.life/en/hotpot-fat-loss-complete-guide/
https://cnfcd.life/fatty-liver-nafld-reversal-stages/,200,indexable_200,,"max-image-preview:large | index, follow, max-image-preview:large, max-snippet:-1, max-video-preview:-1",https://cnfcd.life/fatty-liver-nafld-reversal-stages/
https://cnfcd.life/insulin-resistance-complete-guide/,200,indexable_200,,"max-image-preview:large | index, follow, max-image-preview:large, max-snippet:-1, max-video-preview:-1",https://cnfcd.life/insulin-resistance-complete-guide/
https://cnfcd.life/taiwan-common-foods-metabolic-risk/,200,indexable_200,,"max-image-preview:large | index, follow, max-image-preview:large, max-snippet:-1, max-video-preview:-1",https://cnfcd.life/taiwan-common-foods-metabolic-risk/
https://cnfcd.life/zinc-deficiency-obesity-metabolism/,200,indexable_200,,"max-image-preview:large | index, follow, max-image-preview:large, max-snippet:-1, max-video-preview:-1",https://cnfcd.life/zinc-deficiency-obesity-metabolism/
https://cnfcd.life/ampk-mtor-balance-metabolic-health/,200,indexable_200,,"max-image-preview:large | index, follow, max-image-preview:large, max-snippet:-1, max-video-preview:-1",https://cnfcd.life/ampk-mtor-balance-metabolic-health/
https://cnfcd.life/eating-out-fat-loss-complete-guide/,200,indexable_200,,"max-image-preview:large | index, follow, max-image-preview:large, max-snippet:-1, max-video-preview:-1",https://cnfcd.life/eating-out-fat-loss-complete-guide/
https://cnfcd.life/en/bubble-tea-blood-sugar-guide-en/,200,indexable_200,,"max-image-preview:large | index, follow, max-image-preview:large, max-snippet:-1, max-video-preview:-1",https://cnfcd.life/en/bubble-tea-blood-sugar-guide-en/
https://cnfcd.life/en/category/age-range/age-under-18/,200,noindex_follow,,"max-image-preview:large | noindex, follow, max-image-preview:large",
https://cnfcd.life/fat-loss-vs-weight-loss-scale-lies/,200,indexable_200,,"max-image-preview:large | index, follow, max-image-preview:large, max-snippet:-1, max-video-preview:-1",https://cnfcd.life/fat-loss-vs-weight-loss-scale-lies/
https://cnfcd.life/fatty-liver-symptoms-warning-signs/,200,indexable_200,,"max-image-preview:large | index, follow, max-image-preview:large, max-snippet:-1, max-video-preview:-1",https://cnfcd.life/fatty-liver-symptoms-warning-signs/
https://cnfcd.life/fructose-fatty-liver-dnl-mechanism/,200,indexable_200,,"max-image-preview:large | index, follow, max-image-preview:large, max-snippet:-1, max-video-preview:-1",https://cnfcd.life/fructose-fatty-liver-dnl-mechanism/
https://cnfcd.life/glp1-mechanism-muscle-loss-rebound/,200,indexable_200,,"max-image-preview:large | index, follow, max-image-preview:large, max-snippet:-1, max-video-preview:-1",https://cnfcd.life/glp1-mechanism-muscle-loss-rebound/
https://cnfcd.life/glp1-natural-stimulation-food-diet/,200,indexable_200,,"max-image-preview:large | index, follow, max-image-preview:large, max-snippet:-1, max-video-preview:-1",https://cnfcd.life/glp1-natural-stimulation-food-diet/
https://cnfcd.life/hba1c-glycated-hemoglobin-fat-loss/,200,indexable_200,,"max-image-preview:large | index, follow, max-image-preview:large, max-snippet:-1, max-video-preview:-1",https://cnfcd.life/hba1c-glycated-hemoglobin-fat-loss/
https://cnfcd.life/low-hdl-cholesterol-how-to-improve/,200,indexable_200,,"max-image-preview:large | index, follow, max-image-preview:large, max-snippet:-1, max-video-preview:-1",https://cnfcd.life/low-hdl-cholesterol-how-to-improve/
https://cnfcd.life/childhood-trauma-aces-metabolic-disease/,200,indexable_200,,"max-image-preview:large | index, follow, max-image-preview:large, max-snippet:-1, max-video-preview:-1",https://cnfcd.life/childhood-trauma-aces-metabolic-disease/
https://cnfcd.life/cooking-methods-metabolism-impact-guide/,200,indexable_200,,"max-image-preview:large | index, follow, max-image-preview:large, max-snippet:-1, max-video-preview:-1",https://cnfcd.life/cooking-methods-metabolism-impact-guide/
https://cnfcd.life/en/cnfcd-vs-conventional-weight-loss-en/,200,indexable_200,,"max-image-preview:large | index, follow, max-image-preview:large, max-snippet:-1, max-video-preview:-1",https://cnfcd.life/en/cnfcd-vs-conventional-weight-loss-en/
https://cnfcd.life/en/cnfcd-vs-glp1-weight-loss-comparison/,200,indexable_200,,"max-image-preview:large | index, follow, max-image-preview:large, max-snippet:-1, max-video-preview:-1",https://cnfcd.life/en/cnfcd-vs-glp1-weight-loss-comparison/
https://cnfcd.life/en/insulin-resistance-complete-guide-en/,200,indexable_200,,"max-image-preview:large | index, follow, max-image-preview:large, max-snippet:-1, max-video-preview:-1",https://cnfcd.life/en/insulin-resistance-complete-guide-en/
https://cnfcd.life/gut-health-routine-diet-stress-triangle/,200,indexable_200,,"max-image-preview:large | index, follow, max-image-preview:large, max-snippet:-1, max-video-preview:-1",https://cnfcd.life/gut-health-routine-diet-stress-triangle/
https://cnfcd.life/intermittent-fasting-mechanism-evidence/,200,indexable_200,,"max-image-preview:large | index, follow, max-image-preview:large, max-snippet:-1, max-video-preview:-1",https://cnfcd.life/intermittent-fasting-mechanism-evidence/
https://cnfcd.life/leaky-gut-5-chronic-diseases-connection/,200,indexable_200,,"max-image-preview:large | index, follow, max-image-preview:large, max-snippet:-1, max-video-preview:-1",https://cnfcd.life/leaky-gut-5-chronic-diseases-connection/
https://cnfcd.life/low-gi-diet-insulin-resistance-evidence/,200,indexable_200,,"max-image-preview:large | index, follow, max-image-preview:large, max-snippet:-1, max-video-preview:-1",https://cnfcd.life/low-gi-diet-insulin-resistance-evidence/
https://cnfcd.life/magnesium-deficiency-metabolism-insulin/,200,indexable_200,,"max-image-preview:large | index, follow, max-image-preview:large, max-snippet:-1, max-video-preview:-1",https://cnfcd.life/magnesium-deficiency-metabolism-insulin/
https://cnfcd.life/pangpang-resetwith-founder-introduction/,200,indexable_200,,"max-image-preview:large | index, follow, max-image-preview:large, max-snippet:-1, max-video-preview:-1",https://cnfcd.life/pangpang-resetwith-founder-introduction/
https://cnfcd.life/polyphenols-anti-inflammatory-metabolic/,200,indexable_200,,"max-image-preview:large | index, follow, max-image-preview:large, max-snippet:-1, max-video-preview:-1",https://cnfcd.life/polyphenols-anti-inflammatory-metabolic/
https://cnfcd.life/stress-cortisol-metabolism-visceral-fat/,200,indexable_200,,"max-image-preview:large | index, follow, max-image-preview:large, max-snippet:-1, max-video-preview:-1",https://cnfcd.life/stress-cortisol-metabolism-visceral-fat/
https://cnfcd.life/tca-cycle-8-steps-detailed-mechanism/,200,indexable_200,,"max-image-preview:large | index, follow, max-image-preview:large, max-snippet:-1, max-video-preview:-1",https://cnfcd.life/tca-cycle-8-steps-detailed-mechanism/
https://cnfcd.life/belly-fat-metabolism-diet-adjustment/,200,indexable_200,,"max-image-preview:large | index, follow, max-image-preview:large, max-snippet:-1, max-video-preview:-1",https://cnfcd.life/belly-fat-metabolism-diet-adjustment/
https://cnfcd.life/cnfcd-vs-glp1-semaglutide-comparison/,200,indexable_200,,"max-image-preview:large | index, follow, max-image-preview:large, max-snippet:-1, max-video-preview:-1",https://cnfcd.life/cnfcd-vs-glp1-semaglutide-comparison/
https://cnfcd.life/en/fat-loss-plateau-eat-less-myth-en/,200,indexable_200,,"max-image-preview:large | index, follow, max-image-preview:large, max-snippet:-1, max-video-preview:-1",https://cnfcd.life/en/fat-loss-plateau-eat-less-myth-en/
https://cnfcd.life/menopause-obesity-hormones-waist-fat/,200,indexable_200,,"max-image-preview:large | index, follow, max-image-preview:large, max-snippet:-1, max-video-preview:-1",https://cnfcd.life/menopause-obesity-hormones-waist-fat/
https://cnfcd.life/menstrual-cycle-four-phases-fat-loss/,200,indexable_200,,"max-image-preview:large | index, follow, max-image-preview:large, max-snippet:-1, max-video-preview:-1",https://cnfcd.life/menstrual-cycle-four-phases-fat-loss/
https://cnfcd.life/metabolic-syndrome-definition-taiwan/,200,indexable_200,,"max-image-preview:large | index, follow, max-image-preview:large, max-snippet:-1, max-video-preview:-1",https://cnfcd.life/metabolic-syndrome-definition-taiwan/
https://cnfcd.life/obesity-arthritis-joint-inflammation/,200,indexable_200,,"max-image-preview:large | index, follow, max-image-preview:large, max-snippet:-1, max-video-preview:-1",https://cnfcd.life/obesity-arthritis-joint-inflammation/
https://cnfcd.life/ultra-processed-food-metabolic-damage/,200,indexable_200,,"max-image-preview:large | index, follow, max-image-preview:large, max-snippet:-1, max-video-preview:-1",https://cnfcd.life/ultra-processed-food-metabolic-damage/
https://cnfcd.life/vitamin-d-obesity-metabolism-evidence/,200,indexable_200,,"max-image-preview:large | index, follow, max-image-preview:large, max-snippet:-1, max-video-preview:-1",https://cnfcd.life/vitamin-d-obesity-metabolism-evidence/
https://cnfcd.life/what-is-cnfcd-metabolic-health-system/,200,indexable_200,,"max-image-preview:large | index, follow, max-image-preview:large, max-snippet:-1, max-video-preview:-1",https://cnfcd.life/what-is-cnfcd-metabolic-health-system/
https://cnfcd.life/en/fat-loss-plateau-complete-guide-en/,200,indexable_200,,"max-image-preview:large | index, follow, max-image-preview:large, max-snippet:-1, max-video-preview:-1",https://cnfcd.life/en/fat-loss-plateau-complete-guide-en/
https://cnfcd.life/fat-burning-science-where-does-fat-go/,200,indexable_200,,"max-image-preview:large | index, follow, max-image-preview:large, max-snippet:-1, max-video-preview:-1",https://cnfcd.life/fat-burning-science-where-does-fat-go/
https://cnfcd.life/kidney-disease-dietary-protection-ckd/,200,indexable_200,,"max-image-preview:large | index, follow, max-image-preview:large, max-snippet:-1, max-video-preview:-1",https://cnfcd.life/kidney-disease-dietary-protection-ckd/
https://cnfcd.life/masld-diet-reversal-clinical-evidence/,200,indexable_200,,"max-image-preview:large | index, follow, max-image-preview:large, max-snippet:-1, max-video-preview:-1",https://cnfcd.life/masld-diet-reversal-clinical-evidence/
https://cnfcd.life/obesity-organ-damage-fat-accumulation/,200,indexable_200,,"max-image-preview:large | index, follow, max-image-preview:large, max-snippet:-1, max-video-preview:-1",https://cnfcd.life/obesity-organ-damage-fat-accumulation/
https://cnfcd.life/water-hydration-complete-science-guide/,200,indexable_200,,"max-image-preview:large | index, follow, max-image-preview:large, max-snippet:-1, max-video-preview:-1",https://cnfcd.life/water-hydration-complete-science-guide/
https://cnfcd.life/belly-fat-visceral-fat-reduction-guide/,200,indexable_200,,"max-image-preview:large | index, follow, max-image-preview:large, max-snippet:-1, max-video-preview:-1",https://cnfcd.life/belly-fat-visceral-fat-reduction-guide/
https://cnfcd.life/blood-sugar-glycemic-index-taiwan-food/,200,indexable_200,,"max-image-preview:large | index, follow, max-image-preview:large, max-snippet:-1, max-video-preview:-1",https://cnfcd.life/blood-sugar-glycemic-index-taiwan-food/
https://cnfcd.life/cnfcd-vs-mediterranean-diet-comparison/,301,redirect,https://cnfcd.life/cnfcd-vs-mediterranean-diet-comparison-metabolic-health/,,
https://cnfcd.life/eating-pace-mindful-chewing-metabolism/,200,indexable_200,,"max-image-preview:large | index, follow, max-image-preview:large, max-snippet:-1, max-video-preview:-1",https://cnfcd.life/eating-pace-mindful-chewing-metabolism/
https://cnfcd.life/en/convenience-store-fat-loss-guide-en/,200,indexable_200,,"max-image-preview:large | index, follow, max-image-preview:large, max-snippet:-1, max-video-preview:-1",https://cnfcd.life/en/convenience-store-fat-loss-guide-en/
https://cnfcd.life/en/stress-eating-cortisol-mechanism-en/,200,indexable_200,,"max-image-preview:large | index, follow, max-image-preview:large, max-snippet:-1, max-video-preview:-1",https://cnfcd.life/en/stress-eating-cortisol-mechanism-en/
https://cnfcd.life/gut-liver-axis-microbiome-liver-health/,200,indexable_200,,"max-image-preview:large | index, follow, max-image-preview:large, max-snippet:-1, max-video-preview:-1",https://cnfcd.life/gut-liver-axis-microbiome-liver-health/
https://cnfcd.life/gut-microbiome-obesity-metabolism-2024/,200,indexable_200,,"max-image-preview:large | index, follow, max-image-preview:large, max-snippet:-1, max-video-preview:-1",https://cnfcd.life/gut-microbiome-obesity-metabolism-2024/
https://cnfcd.life/how-much-weight-loss-per-month-science/,200,indexable_200,,"max-image-preview:large | index, follow, max-image-preview:large, max-snippet:-1, max-video-preview:-1",https://cnfcd.life/how-much-weight-loss-per-month-science/
https://cnfcd.life/intermittent-fasting-taiwan-3-mistakes/,301,redirect,https://cnfcd.life/intermittent-fasting-effective-taiwan-3-mistakes/,,
https://cnfcd.life/obesity-heart-health-cholesterol-truth/,200,indexable_200,,"max-image-preview:large | index, follow, max-image-preview:large, max-snippet:-1, max-video-preview:-1",https://cnfcd.life/obesity-heart-health-cholesterol-truth/
https://cnfcd.life/protein-intake-muscle-fat-loss-science/,200,indexable_200,,"max-image-preview:large | index, follow, max-image-preview:large, max-snippet:-1, max-video-preview:-1",https://cnfcd.life/protein-intake-muscle-fat-loss-science/
https://cnfcd.life/sarcopenia-muscle-loss-metabolic-aging/,200,indexable_200,,"max-image-preview:large | index, follow, max-image-preview:large, max-snippet:-1, max-video-preview:-1",https://cnfcd.life/sarcopenia-muscle-loss-metabolic-aging/
https://cnfcd.life/stress-weight-gain-cortisol-root-cause/,200,indexable_200,,"max-image-preview:large | index, follow, max-image-preview:large, max-snippet:-1, max-video-preview:-1",https://cnfcd.life/stress-weight-gain-cortisol-root-cause/
https://cnfcd.life/tcm-constitution-metabolism-phlegm-dampness/,200,indexable_200,,"max-image-preview:large | index, follow, max-image-preview:large, max-snippet:-1, max-video-preview:-1",https://cnfcd.life/tcm-constitution-metabolism-phlegm-dampness/
https://cnfcd.life/alzheimers-type3-diabetes-blood-sugar-brain/,200,indexable_200,,"max-image-preview:large | index, follow, max-image-preview:large, max-snippet:-1, max-video-preview:-1",https://cnfcd.life/alzheimers-type3-diabetes-blood-sugar-brain/
https://cnfcd.life/butyrate-5-benefits-gut-health-key-molecule/,200,indexable_200,,"max-image-preview:large | index, follow, max-image-preview:large, max-snippet:-1, max-video-preview:-1",https://cnfcd.life/butyrate-5-benefits-gut-health-key-molecule/
https://cnfcd.life/circadian-rhythm-chrononutrition-metabolism/,200,indexable_200,,"max-image-preview:large | index, follow, max-image-preview:large, max-snippet:-1, max-video-preview:-1",https://cnfcd.life/circadian-rhythm-chrononutrition-metabolism/
https://cnfcd.life/cnfcd-economic-analysis-roi-cost-comparison/,200,indexable_200,,"max-image-preview:large | index, follow, max-image-preview:large, max-snippet:-1, max-video-preview:-1",https://cnfcd.life/cnfcd-economic-analysis-roi-cost-comparison/
https://cnfcd.life/cnfcd-internationally-certified-health-plan/,200,indexable_200,,"max-image-preview:large | index, follow, max-image-preview:large, max-snippet:-1, max-video-preview:-1",https://cnfcd.life/cnfcd-internationally-certified-health-plan/
https://cnfcd.life/en/what-is-cnfcd-metabolic-health-system-en/,200,indexable_200,,"max-image-preview:large | index, follow, max-image-preview:large, max-snippet:-1, max-video-preview:-1",https://cnfcd.life/en/what-is-cnfcd-metabolic-health-system-en/
https://cnfcd.life/en/binge-eating-night-daytime-diet-solution/,200,indexable_200,,"max-image-preview:large | index, follow, max-image-preview:large, max-snippet:-1, max-video-preview:-1",https://cnfcd.life/en/binge-eating-night-daytime-diet-solution/
https://cnfcd.life/gut-brain-axis-appetite-cravings-metabolism/,200,indexable_200,,"max-image-preview:large | index, follow, max-image-preview:large, max-snippet:-1, max-video-preview:-1",https://cnfcd.life/gut-brain-axis-appetite-cravings-metabolism/
https://cnfcd.life/metabolic-adaptation-why-diets-fail-science/,200,indexable_200,,"max-image-preview:large | index, follow, max-image-preview:large, max-snippet:-1, max-video-preview:-1",https://cnfcd.life/metabolic-adaptation-why-diets-fail-science/
https://cnfcd.life/phthalates-bpa-endocrine-disruptors-obesity/,200,indexable_200,,"max-image-preview:large | index, follow, max-image-preview:large, max-snippet:-1, max-video-preview:-1",https://cnfcd.life/phthalates-bpa-endocrine-disruptors-obesity/
https://cnfcd.life/stool-shape-bristol-scale-gut-health-signal/,200,indexable_200,,"max-image-preview:large | index, follow, max-image-preview:large, max-snippet:-1, max-video-preview:-1",https://cnfcd.life/stool-shape-bristol-scale-gut-health-signal/
https://cnfcd.life/tca-cycle-cofactors-b-vitamins-magnesium/,200,indexable_200,,"max-image-preview:large | index, follow, max-image-preview:large, max-snippet:-1, max-video-preview:-1",https://cnfcd.life/tca-cycle-cofactors-b-vitamins-magnesium/
https://cnfcd.life/telomere-length-nutrition-aging-evidence/,200,indexable_200,,"max-image-preview:large | index, follow, max-image-preview:large, max-snippet:-1, max-video-preview:-1",https://cnfcd.life/telomere-length-nutrition-aging-evidence/
https://cnfcd.life/tired-sugar-cravings-brain-reward-system/,200,indexable_200,,"max-image-preview:large | index, follow, max-image-preview:large, max-snippet:-1, max-video-preview:-1",https://cnfcd.life/tired-sugar-cravings-brain-reward-system/
https://cnfcd.life/ultra-processed-food-nova-metabolic-risk/,200,indexable_200,,"max-image-preview:large | index, follow, max-image-preview:large, max-snippet:-1, max-video-preview:-1",https://cnfcd.life/ultra-processed-food-nova-metabolic-risk/
https://cnfcd.life/visceral-fat-cardiovascular-risk-science/,200,indexable_200,,"max-image-preview:large | index, follow, max-image-preview:large, max-snippet:-1, max-video-preview:-1",https://cnfcd.life/visceral-fat-cardiovascular-risk-science/
https://cnfcd.life/weight-loss-plateau-metabolic-adaptation/,200,indexable_200,,"max-image-preview:large | index, follow, max-image-preview:large, max-snippet:-1, max-video-preview:-1",https://cnfcd.life/weight-loss-plateau-metabolic-adaptation/
https://cnfcd.life/cnfcd-vs-mediterranean-diet-comparison-2/,301,redirect,https://cnfcd.life/cnfcd-vs-mediterranean-diet-comparison-metabolic-health/,,
https://cnfcd.life/cnfcd-vs-personal-trainer-gym-comparison/,200,indexable_200,,"max-image-preview:large | index, follow, max-image-preview:large, max-snippet:-1, max-video-preview:-1",https://cnfcd.life/cnfcd-vs-personal-trainer-gym-comparison/
https://cnfcd.life/cnfcd-health-consultant-pangpang-advisor/,200,indexable_200,,"max-image-preview:large | index, follow, max-image-preview:large, max-snippet:-1, max-video-preview:-1",https://cnfcd.life/cnfcd-health-consultant-pangpang-advisor/
https://cnfcd.life/en/body-fat-scale-accuracy-bia-explained/,200,indexable_200,,"max-image-preview:large | index, follow, max-image-preview:large, max-snippet:-1, max-video-preview:-1",https://cnfcd.life/en/body-fat-scale-accuracy-bia-explained/
https://cnfcd.life/en/eating-out-fat-loss-complete-guide-en/,200,indexable_200,,"max-image-preview:large | index, follow, max-image-preview:large, max-snippet:-1, max-video-preview:-1",https://cnfcd.life/en/eating-out-fat-loss-complete-guide-en/
https://cnfcd.life/exercise-but-not-losing-weight-5-reasons/,200,indexable_200,,"max-image-preview:large | index, follow, max-image-preview:large, max-snippet:-1, max-video-preview:-1",https://cnfcd.life/exercise-but-not-losing-weight-5-reasons/
https://cnfcd.life/eye-health-metabolic-connection-overview/,200,indexable_200,,"max-image-preview:large | index, follow, max-image-preview:large, max-snippet:-1, max-video-preview:-1",https://cnfcd.life/eye-health-metabolic-connection-overview/
https://cnfcd.life/female-fat-loss-hormones-menstrual-cycle/,301,redirect,https://cnfcd.life/female-fat-loss-hormones-menstrual-cycle-difficulty/,,
https://cnfcd.life/high-blood-pressure-metabolic-root-cause/,200,indexable_200,,"max-image-preview:large | index, follow, max-image-preview:large, max-snippet:-1, max-video-preview:-1",https://cnfcd.life/high-blood-pressure-metabolic-root-cause/
https://cnfcd.life/post-fat-loss-exercise-progression-guide/,200,indexable_200,,"max-image-preview:large | index, follow, max-image-preview:large, max-snippet:-1, max-video-preview:-1",https://cnfcd.life/post-fat-loss-exercise-progression-guide/
https://cnfcd.life/protein-quality-leucine-metabolic-health/,200,indexable_200,,"max-image-preview:large | index, follow, max-image-preview:large, max-snippet:-1, max-video-preview:-1",https://cnfcd.life/protein-quality-leucine-metabolic-health/
https://cnfcd.life/sarcopenic-obesity-double-metabolic-risk/,200,indexable_200,,"max-image-preview:large | index, follow, max-image-preview:large, max-snippet:-1, max-video-preview:-1",https://cnfcd.life/sarcopenic-obesity-double-metabolic-risk/
https://cnfcd.life/taiwan-supermarket-fat-loss-shopping-list/,200,indexable_200,,"max-image-preview:large | index, follow, max-image-preview:large, max-snippet:-1, max-video-preview:-1",https://cnfcd.life/taiwan-supermarket-fat-loss-shopping-list/
https://cnfcd.life/artificial-sweeteners-metabolic-deception/,200,indexable_200,,"max-image-preview:large | index, follow, max-image-preview:large, max-snippet:-1, max-video-preview:-1",https://cnfcd.life/artificial-sweeteners-metabolic-deception/
https://cnfcd.life/brown-adipose-tissue-metabolic-activation/,200,indexable_200,,"max-image-preview:large | index, follow, max-image-preview:large, max-snippet:-1, max-video-preview:-1",https://cnfcd.life/brown-adipose-tissue-metabolic-activation/
https://cnfcd.life/cnfcd-imstm-award-160k-data-science-proof/,200,indexable_200,,"max-image-preview:large | index, follow, max-image-preview:large, max-snippet:-1, max-video-preview:-1",https://cnfcd.life/cnfcd-imstm-award-160k-data-science-proof/
https://cnfcd.life/eating-less-why-getting-fatter-metabolism/,301,redirect,https://cnfcd.life/why-eating-too-little-makes-you-fat-metabolic-adaptation/,,
https://cnfcd.life/gout-uric-acid-metabolic-syndrome-warning/,200,indexable_200,,"max-image-preview:large | index, follow, max-image-preview:large, max-snippet:-1, max-video-preview:-1",https://cnfcd.life/gout-uric-acid-metabolic-syndrome-warning/
https://cnfcd.life/health-information-literacy-fact-checking/,200,indexable_200,,"max-image-preview:large | index, follow, max-image-preview:large, max-snippet:-1, max-video-preview:-1",https://cnfcd.life/health-information-literacy-fact-checking/
https://cnfcd.life/hypothyroidism-slow-metabolism-no-results/,200,indexable_200,,"max-image-preview:large | index, follow, max-image-preview:large, max-snippet:-1, max-video-preview:-1",https://cnfcd.life/hypothyroidism-slow-metabolism-no-results/
https://cnfcd.life/longevity-metabolism-autophagy-senescence/,200,indexable_200,,"max-image-preview:large | index, follow, max-image-preview:large, max-snippet:-1, max-video-preview:-1",https://cnfcd.life/longevity-metabolism-autophagy-senescence/
https://cnfcd.life/male-metabolism-andropause-fat-loss-guide/,200,indexable_200,,"max-image-preview:large | index, follow, max-image-preview:large, max-snippet:-1, max-video-preview:-1",https://cnfcd.life/male-metabolism-andropause-fat-loss-guide/
https://cnfcd.life/menopause-weight-gain-hormones-metabolism/,301,redirect,https://cnfcd.life/menopause-obesity-hormones-waist-fat/,,
https://cnfcd.life/mitochondrial-dysfunction-metabolic-aging/,200,indexable_200,,"max-image-preview:large | index, follow, max-image-preview:large, max-snippet:-1, max-video-preview:-1",https://cnfcd.life/mitochondrial-dysfunction-metabolic-aging/
https://cnfcd.life/normal-fasting-glucose-insulin-resistance/,200,indexable_200,,"max-image-preview:large | index, follow, max-image-preview:large, max-snippet:-1, max-video-preview:-1",https://cnfcd.life/normal-fasting-glucose-insulin-resistance/
https://cnfcd.life/period-weight-gain-fat-or-water-retention/,200,indexable_200,,"max-image-preview:large | index, follow, max-image-preview:large, max-snippet:-1, max-video-preview:-1",https://cnfcd.life/period-weight-gain-fat-or-water-retention/
https://cnfcd.life/premenstrual-binge-sugar-craving-solution/,200,indexable_200,,"max-image-preview:large | index, follow, max-image-preview:large, max-snippet:-1, max-video-preview:-1",https://cnfcd.life/premenstrual-binge-sugar-craving-solution/
https://cnfcd.life/realistic-monthly-weight-loss-expectation/,200,indexable_200,,"max-image-preview:large | index, follow, max-image-preview:large, max-snippet:-1, max-video-preview:-1",https://cnfcd.life/realistic-monthly-weight-loss-expectation/
https://cnfcd.life/senolytics-senescent-cells-aging-evidence/,200,indexable_200,,"max-image-preview:large | index, follow, max-image-preview:large, max-snippet:-1, max-video-preview:-1",https://cnfcd.life/senolytics-senescent-cells-aging-evidence/
https://cnfcd.life/taiwan-diabetes-crisis-metabolic-imbalance/,301,redirect,https://cnfcd.life/taiwan-diabetes-crisis-1-in-10-adults/,,
https://cnfcd.life/waist-circumference-vs-weight-visceral-fat/,200,indexable_200,,"max-image-preview:large | index, follow, max-image-preview:large, max-snippet:-1, max-video-preview:-1",https://cnfcd.life/waist-circumference-vs-weight-visceral-fat/
https://cnfcd.life/blood-lipids-apob-sdldl-advanced-metabolic/,200,indexable_200,,"max-image-preview:large | index, follow, max-image-preview:large, max-snippet:-1, max-video-preview:-1",https://cnfcd.life/blood-lipids-apob-sdldl-advanced-metabolic/
https://cnfcd.life/chronic-inflammation-obesity-vicious-cycle/,200,indexable_200,,"max-image-preview:large | index, follow, max-image-preview:large, max-snippet:-1, max-video-preview:-1",https://cnfcd.life/chronic-inflammation-obesity-vicious-cycle/
https://cnfcd.life/en/belly-fat-metabolism-diet-adjustment-en/,200,indexable_200,,"max-image-preview:large | index, follow, max-image-preview:large, max-snippet:-1, max-video-preview:-1",https://cnfcd.life/en/belly-fat-metabolism-diet-adjustment-en/
https://cnfcd.life/en/menstrual-cycle-four-phases-fat-loss-en/,200,indexable_200,,"max-image-preview:large | index, follow, max-image-preview:large, max-snippet:-1, max-video-preview:-1",https://cnfcd.life/en/menstrual-cycle-four-phases-fat-loss-en/
https://cnfcd.life/fatty-liver-metabolic-syndrome-deadly-link/,200,indexable_200,,"max-image-preview:large | index, follow, max-image-preview:large, max-snippet:-1, max-video-preview:-1",https://cnfcd.life/fatty-liver-metabolic-syndrome-deadly-link/
https://cnfcd.life/menopause-estrogen-metabolism-visceral-fat/,200,indexable_200,,"max-image-preview:large | index, follow, max-image-preview:large, max-snippet:-1, max-video-preview:-1",https://cnfcd.life/menopause-estrogen-metabolism-visceral-fat/
https://cnfcd.life/nmn-nad-supplementation-longevity-evidence/,200,indexable_200,,"max-image-preview:large | index, follow, max-image-preview:large, max-snippet:-1, max-video-preview:-1",https://cnfcd.life/nmn-nad-supplementation-longevity-evidence/
https://cnfcd.life/obesity-skin-acne-eczema-metabolic-signals/,200,indexable_200,,"max-image-preview:large | index, follow, max-image-preview:large, max-snippet:-1, max-video-preview:-1",https://cnfcd.life/obesity-skin-acne-eczema-metabolic-signals/
https://cnfcd.life/pcos-metabolic-imbalance-not-gynecological/,200,indexable_200,,"max-image-preview:large | index, follow, max-image-preview:large, max-snippet:-1, max-video-preview:-1",https://cnfcd.life/pcos-metabolic-imbalance-not-gynecological/
https://cnfcd.life/sleep-deprivation-obesity-hormones-science/,200,indexable_200,,"max-image-preview:large | index, follow, max-image-preview:large, max-snippet:-1, max-video-preview:-1",https://cnfcd.life/sleep-deprivation-obesity-hormones-science/
https://cnfcd.life/autoimmune-disease-metabolism-inflammation-diet/,200,indexable_200,,"max-image-preview:large | index, follow, max-image-preview:large, max-snippet:-1, max-video-preview:-1",https://cnfcd.life/autoimmune-disease-metabolism-inflammation-diet/
https://cnfcd.life/breathing-techniques-metabolism-stress-cortisol/,200,indexable_200,,"max-image-preview:large | index, follow, max-image-preview:large, max-snippet:-1, max-video-preview:-1",https://cnfcd.life/breathing-techniques-metabolism-stress-cortisol/
https://cnfcd.life/ckd-kidney-disease-diet-management-stages-guide/,200,indexable_200,,"max-image-preview:large | index, follow, max-image-preview:large, max-snippet:-1, max-video-preview:-1",https://cnfcd.life/ckd-kidney-disease-diet-management-stages-guide/
https://cnfcd.life/cnfcd-ultimate-guide-consulting-health-business/,200,indexable_200,,"max-image-preview:large | index, follow, max-image-preview:large, max-snippet:-1, max-video-preview:-1",https://cnfcd.life/cnfcd-ultimate-guide-consulting-health-business/
https://cnfcd.life/en/cnfcd-vs-mediterranean-diet-comparison-guide/,200,indexable_200,,"max-image-preview:large | index, follow, max-image-preview:large, max-snippet:-1, max-video-preview:-1",https://cnfcd.life/en/cnfcd-vs-mediterranean-diet-comparison-guide/
https://cnfcd.life/en/eating-less-why-getting-fatter-metabolism-en/,200,indexable_200,,"max-image-preview:large | index, follow, max-image-preview:large, max-snippet:-1, max-video-preview:-1",https://cnfcd.life/en/eating-less-why-getting-fatter-metabolism-en/
https://cnfcd.life/en/hba1c-glycated-hemoglobin-fat-loss-explained/,200,indexable_200,,"max-image-preview:large | index, follow, max-image-preview:large, max-snippet:-1, max-video-preview:-1",https://cnfcd.life/en/hba1c-glycated-hemoglobin-fat-loss-explained/
https://cnfcd.life/en/normal-fasting-glucose-insulin-resistance-en/,200,indexable_200,,"max-image-preview:large | index, follow, max-image-preview:large, max-snippet:-1, max-video-preview:-1",https://cnfcd.life/en/normal-fasting-glucose-insulin-resistance-en/
https://cnfcd.life/en/period-weight-gain-fat-or-water-retention-en/,200,indexable_200,,"max-image-preview:large | index, follow, max-image-preview:large, max-snippet:-1, max-video-preview:-1",https://cnfcd.life/en/period-weight-gain-fat-or-water-retention-en/
https://cnfcd.life/en/premenstrual-binge-sugar-craving-solution-en/,200,indexable_200,,"max-image-preview:large | index, follow, max-image-preview:large, max-snippet:-1, max-video-preview:-1",https://cnfcd.life/en/premenstrual-binge-sugar-craving-solution-en/
https://cnfcd.life/lab-test-interpretation-fasting-insulin-homa-ir/,200,indexable_200,,"max-image-preview:large | index, follow, max-image-preview:large, max-snippet:-1, max-video-preview:-1",https://cnfcd.life/lab-test-interpretation-fasting-insulin-homa-ir/
https://cnfcd.life/pillar-gut-microbiome-metabolism-complete-guide/,200,indexable_200,,"max-image-preview:large | index, follow, max-image-preview:large, max-snippet:-1, max-video-preview:-1",https://cnfcd.life/pillar-gut-microbiome-metabolism-complete-guide/
https://cnfcd.life/pillar-three-highs-diabetes-diet-complete-guide/,200,indexable_200,,"max-image-preview:large | index, follow, max-image-preview:large, max-snippet:-1, max-video-preview:-1",https://cnfcd.life/pillar-three-highs-diabetes-diet-complete-guide/
https://cnfcd.life/visceral-fat-real-killer-obesity-who-disease/,200,indexable_200,,"max-image-preview:large | index, follow, max-image-preview:large, max-snippet:-1, max-video-preview:-1",https://cnfcd.life/visceral-fat-real-killer-obesity-who-disease/
https://cnfcd.life/weight-loss-plateau-30-day-breakthrough-plan/,200,indexable_200,,"max-image-preview:large | index, follow, max-image-preview:large, max-snippet:-1, max-video-preview:-1",https://cnfcd.life/weight-loss-plateau-30-day-breakthrough-plan/
https://cnfcd.life/weight-same-waist-smaller-body-recomposition/,200,indexable_200,,"max-image-preview:large | index, follow, max-image-preview:large, max-snippet:-1, max-video-preview:-1",https://cnfcd.life/weight-same-waist-smaller-body-recomposition/
https://cnfcd.life/cnfcd-vs-168-intermittent-fasting-comparison/,200,indexable_200,,"max-image-preview:large | index, follow, max-image-preview:large, max-snippet:-1, max-video-preview:-1",https://cnfcd.life/cnfcd-vs-168-intermittent-fasting-comparison/
https://cnfcd.life/cnfcd-health-consultant-business-opportunity/,200,indexable_200,,"max-image-preview:large | index, follow, max-image-preview:large, max-snippet:-1, max-video-preview:-1",https://cnfcd.life/cnfcd-health-consultant-business-opportunity/
https://cnfcd.life/cnfcd-health-plan-5-questions-before-joining/,200,indexable_200,,"max-image-preview:large | index, follow, max-image-preview:large, max-snippet:-1, max-video-preview:-1",https://cnfcd.life/cnfcd-health-plan-5-questions-before-joining/
https://cnfcd.life/cnfcd-scientific-evidence-journal-validation/,200,indexable_200,,"max-image-preview:large | index, follow, max-image-preview:large, max-snippet:-1, max-video-preview:-1",https://cnfcd.life/cnfcd-scientific-evidence-journal-validation/
https://cnfcd.life/eating-less-doesnt-mean-fat-loss-wrong-logic/,200,indexable_200,,"max-image-preview:large | index, follow, max-image-preview:large, max-snippet:-1, max-video-preview:-1",https://cnfcd.life/eating-less-doesnt-mean-fat-loss-wrong-logic/
https://cnfcd.life/eating-less-makes-you-fatter-metabolic-truth/,200,indexable_200,,"max-image-preview:large | index, follow, max-image-preview:large, max-snippet:-1, max-video-preview:-1",https://cnfcd.life/eating-less-makes-you-fatter-metabolic-truth/
https://cnfcd.life/emotional-eating-food-addiction-neuroscience/,200,indexable_200,,"max-image-preview:large | index, follow, max-image-preview:large, max-snippet:-1, max-video-preview:-1",https://cnfcd.life/emotional-eating-food-addiction-neuroscience/
https://cnfcd.life/en/how-much-weight-loss-per-month-science-en/,200,indexable_200,,"max-image-preview:large | index, follow, max-image-preview:large, max-snippet:-1, max-video-preview:-1",https://cnfcd.life/en/how-much-weight-loss-per-month-science-en/
https://cnfcd.life/en/menopause-weight-gain-hormones-metabolism/,200,indexable_200,,"max-image-preview:large | index, follow, max-image-preview:large, max-snippet:-1, max-video-preview:-1",https://cnfcd.life/en/menopause-weight-gain-hormones-metabolism/
https://cnfcd.life/fat-loss-trap-foods-taiwan-blood-sugar-guide/,200,indexable_200,,"max-image-preview:large | index, follow, max-image-preview:large, max-snippet:-1, max-video-preview:-1",https://cnfcd.life/fat-loss-trap-foods-taiwan-blood-sugar-guide/
https://cnfcd.life/fatty-liver-symptoms-metabolic-warning-signs/,200,indexable_200,,"max-image-preview:large | index, follow, max-image-preview:large, max-snippet:-1, max-video-preview:-1",https://cnfcd.life/fatty-liver-symptoms-metabolic-warning-signs/
https://cnfcd.life/glp1-weight-loss-injection-metabolic-reality/,200,indexable_200,,"max-image-preview:large | index, follow, max-image-preview:large, max-snippet:-1, max-video-preview:-1",https://cnfcd.life/glp1-weight-loss-injection-metabolic-reality/
https://cnfcd.life/insulin-resistance-self-test-5-warning-signs/,200,indexable_200,,"max-image-preview:large | index, follow, max-image-preview:large, max-snippet:-1, max-video-preview:-1",https://cnfcd.life/insulin-resistance-self-test-5-warning-signs/
https://cnfcd.life/normal-weight-hidden-obesity-4-warning-signs/,200,indexable_200,,"max-image-preview:large | index, follow, max-image-preview:large, max-snippet:-1, max-video-preview:-1",https://cnfcd.life/normal-weight-hidden-obesity-4-warning-signs/
https://cnfcd.life/office-worker-metabolic-protection-sedentary/,200,indexable_200,,"max-image-preview:large | index, follow, max-image-preview:large, max-snippet:-1, max-video-preview:-1",https://cnfcd.life/office-worker-metabolic-protection-sedentary/
https://cnfcd.life/poor-sleep-prevents-fat-loss-hormone-science/,200,indexable_200,,"max-image-preview:large | index, follow, max-image-preview:large, max-snippet:-1, max-video-preview:-1",https://cnfcd.life/poor-sleep-prevents-fat-loss-hormone-science/
https://cnfcd.life/taiwan-breakfast-night-market-metabolic-traps/,200,indexable_200,,"max-image-preview:large | index, follow, max-image-preview:large, max-snippet:-1, max-video-preview:-1",https://cnfcd.life/taiwan-breakfast-night-market-metabolic-traps/
https://cnfcd.life/alcohol-metabolism-fatty-liver-gut-microbiome/,200,indexable_200,,"max-image-preview:large | index, follow, max-image-preview:large, max-snippet:-1, max-video-preview:-1",https://cnfcd.life/alcohol-metabolism-fatty-liver-gut-microbiome/
https://cnfcd.life/coffee-tea-caffeine-metabolism-complete-guide/,200,indexable_200,,"max-image-preview:large | index, follow, max-image-preview:large, max-snippet:-1, max-video-preview:-1",https://cnfcd.life/coffee-tea-caffeine-metabolism-complete-guide/
https://cnfcd.life/cnfcd-taiwan-trademark-2025-science-validated/,200,indexable_200,,"max-image-preview:large | index, follow, max-image-preview:large, max-snippet:-1, max-video-preview:-1",https://cnfcd.life/cnfcd-taiwan-trademark-2025-science-validated/
https://cnfcd.life/en/weight-fluctuation-normal-causes-explained/,200,indexable_200,,"max-image-preview:large | index, follow, max-image-preview:large, max-snippet:-1, max-video-preview:-1",https://cnfcd.life/en/weight-fluctuation-normal-causes-explained/
https://cnfcd.life/en/sugar-cravings-fatigue-brain-reward-system/,200,indexable_200,,"max-image-preview:large | index, follow, max-image-preview:large, max-snippet:-1, max-video-preview:-1",https://cnfcd.life/en/sugar-cravings-fatigue-brain-reward-system/
https://cnfcd.life/epigenetics-diet-metabolic-disease-reversible/,200,indexable_200,,"max-image-preview:large | index, follow, max-image-preview:large, max-snippet:-1, max-video-preview:-1",https://cnfcd.life/epigenetics-diet-metabolic-disease-reversible/
https://cnfcd.life/eye-diseases-myopia-dry-eye-floaters-cataract/,200,indexable_200,,"max-image-preview:large | index, follow, max-image-preview:large, max-snippet:-1, max-video-preview:-1",https://cnfcd.life/eye-diseases-myopia-dry-eye-floaters-cataract/
https://cnfcd.life/fat-loss-plateau-metabolic-adaptation-science/,301,redirect,https://cnfcd.life/fat-loss-plateau-metabolic-adaptation/,,
https://cnfcd.life/fatty-liver-diet-guide-nafld-stages-food-tips/,200,indexable_200,,"max-image-preview:large | index, follow, max-image-preview:large, max-snippet:-1, max-video-preview:-1",https://cnfcd.life/fatty-liver-diet-guide-nafld-stages-food-tips/
https://cnfcd.life/gut-microbiome-metabolism-fat-loss-connection/,200,indexable_200,,"max-image-preview:large | index, follow, max-image-preview:large, max-snippet:-1, max-video-preview:-1",https://cnfcd.life/gut-microbiome-metabolism-fat-loss-connection/
https://cnfcd.life/how-to-lower-body-fat-percentage-diet-insulin/,200,indexable_200,,"max-image-preview:large | index, follow, max-image-preview:large, max-snippet:-1, max-video-preview:-1",https://cnfcd.life/how-to-lower-body-fat-percentage-diet-insulin/
https://cnfcd.life/insulin-resistance-metabolic-syndrome-science/,200,indexable_200,,"max-image-preview:large | index, follow, max-image-preview:large, max-snippet:-1, max-video-preview:-1",https://cnfcd.life/insulin-resistance-metabolic-syndrome-science/
https://cnfcd.life/low-gi-foods-taiwan-glycemic-index-metabolism/,200,indexable_200,,"max-image-preview:large | index, follow, max-image-preview:large, max-snippet:-1, max-video-preview:-1",https://cnfcd.life/low-gi-foods-taiwan-glycemic-index-metabolism/
https://cnfcd.life/taiwan-obesity-crisis-bmi-vs-metabolic-warning/,200,indexable_200,,"max-image-preview:large | index, follow, max-image-preview:large, max-snippet:-1, max-video-preview:-1",https://cnfcd.life/taiwan-obesity-crisis-bmi-vs-metabolic-warning/
https://cnfcd.life/blood-lipid-apob-sdldl-lpa-cardiovascular-risk/,200,indexable_200,,"max-image-preview:large | index, follow, max-image-preview:large, max-snippet:-1, max-video-preview:-1",https://cnfcd.life/blood-lipid-apob-sdldl-lpa-cardiovascular-risk/
https://cnfcd.life/cold-exposure-sauna-thermal-therapy-metabolism/,200,indexable_200,,"max-image-preview:large | index, follow, max-image-preview:large, max-snippet:-1, max-video-preview:-1",https://cnfcd.life/cold-exposure-sauna-thermal-therapy-metabolism/
https://cnfcd.life/eating-out-fat-loss-taiwan-blood-sugar-ranking/,301,redirect,https://cnfcd.life/eating-out-fat-loss-taiwan-blood-sugar/,,
https://cnfcd.life/en/weight-loss-plateau-metabolic-adaptation-en/,200,indexable_200,,"max-image-preview:large | index, follow, max-image-preview:large, max-snippet:-1, max-video-preview:-1",https://cnfcd.life/en/weight-loss-plateau-metabolic-adaptation-en/
https://cnfcd.life/en/fat-loss-week2-plateau-metabolic-adaptation/,200,indexable_200,,"max-image-preview:large | index, follow, max-image-preview:large, max-snippet:-1, max-video-preview:-1",https://cnfcd.life/en/fat-loss-week2-plateau-metabolic-adaptation/
https://cnfcd.life/en/high-triglycerides-meaning-metabolic-health/,200,indexable_200,,"max-image-preview:large | index, follow, max-image-preview:large, max-snippet:-1, max-video-preview:-1",https://cnfcd.life/en/high-triglycerides-meaning-metabolic-health/
https://cnfcd.life/en/slow-metabolism-signs-causes-solutions-diet/,200,indexable_200,,"max-image-preview:large | index, follow, max-image-preview:large, max-snippet:-1, max-video-preview:-1",https://cnfcd.life/en/slow-metabolism-signs-causes-solutions-diet/
https://cnfcd.life/hypertension-blood-pressure-dietary-management/,200,indexable_200,,"max-image-preview:large | index, follow, max-image-preview:large, max-snippet:-1, max-video-preview:-1",https://cnfcd.life/hypertension-blood-pressure-dietary-management/
https://cnfcd.life/menopause-weight-gain-hormones-women-waist-fat/,301,redirect,https://cnfcd.life/menopause-obesity-hormones-waist-fat/,,
https://cnfcd.life/menstrual-cycle-diet-adjustment-complete-table/,200,indexable_200,,"max-image-preview:large | index, follow, max-image-preview:large, max-snippet:-1, max-video-preview:-1",https://cnfcd.life/menstrual-cycle-diet-adjustment-complete-table/
https://cnfcd.life/slow-metabolism-signs-causes-dietary-solutions/,200,indexable_200,,"max-image-preview:large | index, follow, max-image-preview:large, max-snippet:-1, max-video-preview:-1",https://cnfcd.life/slow-metabolism-signs-causes-dietary-solutions/
https://cnfcd.life/2026-us-dietary-guidelines-whole-milk-eggs-reversal/,200,indexable_200,,"max-image-preview:large | index, follow, max-image-preview:large, max-snippet:-1, max-video-preview:-1",https://cnfcd.life/2026-us-dietary-guidelines-whole-milk-eggs-reversal/
https://cnfcd.life/cnfcd-vs-medical-aesthetic-fat-reduction-comparison/,200,indexable_200,,"max-image-preview:large | index, follow, max-image-preview:large, max-snippet:-1, max-video-preview:-1",https://cnfcd.life/cnfcd-vs-medical-aesthetic-fat-reduction-comparison/
https://cnfcd.life/east-asian-thin-fat-phenotype-taiwan-metabolic-risk/,200,indexable_200,,"max-image-preview:large | index, follow, max-image-preview:large, max-snippet:-1, max-video-preview:-1",https://cnfcd.life/east-asian-thin-fat-phenotype-taiwan-metabolic-risk/
https://cnfcd.life/en/cnfcd-vs-mediterranean-diet-metabolic-comparison/,200,indexable_200,,"max-image-preview:large | index, follow, max-image-preview:large, max-snippet:-1, max-video-preview:-1",https://cnfcd.life/en/cnfcd-vs-mediterranean-diet-metabolic-comparison/
https://cnfcd.life/en/low-gi-foods-taiwan-glycemic-index-metabolism-en/,200,indexable_200,,"max-image-preview:large | index, follow, max-image-preview:large, max-snippet:-1, max-video-preview:-1",https://cnfcd.life/en/low-gi-foods-taiwan-glycemic-index-metabolism-en/
https://cnfcd.life/metabolic-syndrome-comprehensive-lifestyle-reversal/,200,indexable_200,,"max-image-preview:large | index, follow, max-image-preview:large, max-snippet:-1, max-video-preview:-1",https://cnfcd.life/metabolic-syndrome-comprehensive-lifestyle-reversal/
https://cnfcd.life/diet-for-three-highs-blood-sugar-lipids-pressure/,200,indexable_200,,"max-image-preview:large | index, follow, max-image-preview:large, max-snippet:-1, max-video-preview:-1",https://cnfcd.life/diet-for-three-highs-blood-sugar-lipids-pressure/
https://cnfcd.life/en/fat-loss-trap-foods-blood-sugar-insulin-guide/,200,indexable_200,,"max-image-preview:large | index, follow, max-image-preview:large, max-snippet:-1, max-video-preview:-1",https://cnfcd.life/en/fat-loss-trap-foods-blood-sugar-insulin-guide/
https://cnfcd.life/en/lower-body-fat-percentage-insulin-muscle-diet/,200,indexable_200,,"max-image-preview:large | index, follow, max-image-preview:large, max-snippet:-1, max-video-preview:-1",https://cnfcd.life/en/lower-body-fat-percentage-insulin-muscle-diet/
https://cnfcd.life/exercise-metabolic-health-hiit-strength-training/,200,indexable_200,,"max-image-preview:large | index, follow, max-image-preview:large, max-snippet:-1, max-video-preview:-1",https://cnfcd.life/exercise-metabolic-health-hiit-strength-training/
https://cnfcd.life/insulin-resistance-root-cause-metabolic-syndrome/,200,indexable_200,,"max-image-preview:large | index, follow, max-image-preview:large, max-snippet:-1, max-video-preview:-1",https://cnfcd.life/insulin-resistance-root-cause-metabolic-syndrome/
https://cnfcd.life/long-covid-metabolic-syndrome-insulin-resistance/,200,indexable_200,,"max-image-preview:large | index, follow, max-image-preview:large, max-snippet:-1, max-video-preview:-1",https://cnfcd.life/long-covid-metabolic-syndrome-insulin-resistance/
https://cnfcd.life/pillar-female-metabolism-complete-guide-hormones/,200,indexable_200,,"max-image-preview:large | index, follow, max-image-preview:large, max-snippet:-1, max-video-preview:-1",https://cnfcd.life/pillar-female-metabolism-complete-guide-hormones/
https://cnfcd.life/pm25-air-pollution-insulin-resistance-metabolism/,200,indexable_200,,"max-image-preview:large | index, follow, max-image-preview:large, max-snippet:-1, max-video-preview:-1",https://cnfcd.life/pm25-air-pollution-insulin-resistance-metabolism/
https://cnfcd.life/testosterone-decline-male-metabolism-hypogonadism/,200,indexable_200,,"max-image-preview:large | index, follow, max-image-preview:large, max-snippet:-1, max-video-preview:-1",https://cnfcd.life/testosterone-decline-male-metabolism-hypogonadism/
https://cnfcd.life/blood-sugar-fat-loss-switch-why-eating-less-fails/,200,indexable_200,,"max-image-preview:large | index, follow, max-image-preview:large, max-snippet:-1, max-video-preview:-1",https://cnfcd.life/blood-sugar-fat-loss-switch-why-eating-less-fails/
https://cnfcd.life/en/ckd-kidney-disease-diet-management-stage-guide/,200,indexable_200,,"max-image-preview:large | index, follow, max-image-preview:large, max-snippet:-1, max-video-preview:-1",https://cnfcd.life/en/ckd-kidney-disease-diet-management-stage-guide/
https://cnfcd.life/en/exercise-not-losing-weight-5-metabolic-factors/,200,indexable_200,,"max-image-preview:large | index, follow, max-image-preview:large, max-snippet:-1, max-video-preview:-1",https://cnfcd.life/en/exercise-not-losing-weight-5-metabolic-factors/
https://cnfcd.life/hashimoto-autoimmune-thyroid-metabolic-connection/,200,indexable_200,,"max-image-preview:large | index, follow, max-image-preview:large, max-snippet:-1, max-video-preview:-1",https://cnfcd.life/hashimoto-autoimmune-thyroid-metabolic-connection/
https://cnfcd.life/how-to-reduce-visceral-fat-diet-structure-insulin/,200,indexable_200,,"max-image-preview:large | index, follow, max-image-preview:large, max-snippet:-1, max-video-preview:-1",https://cnfcd.life/how-to-reduce-visceral-fat-diet-structure-insulin/
https://cnfcd.life/pillar-fatty-liver-complete-guide-stages-reversal/,200,indexable_200,,"max-image-preview:large | index, follow, max-image-preview:large, max-snippet:-1, max-video-preview:-1",https://cnfcd.life/pillar-fatty-liver-complete-guide-stages-reversal/
https://cnfcd.life/taiwan-dialysis-rate-kidney-disease-metabolic-link/,200,indexable_200,,"max-image-preview:large | index, follow, max-image-preview:large, max-snippet:-1, max-video-preview:-1",https://cnfcd.life/taiwan-dialysis-rate-kidney-disease-metabolic-link/
https://cnfcd.life/cnfcd-globally-recognized-health-management-system/,200,indexable_200,,"max-image-preview:large | index, follow, max-image-preview:large, max-snippet:-1, max-video-preview:-1",https://cnfcd.life/cnfcd-globally-recognized-health-management-system/
https://cnfcd.life/eating-out-hotpot-yakiniku-japanese-fat-loss-guide/,200,indexable_200,,"max-image-preview:large | index, follow, max-image-preview:large, max-snippet:-1, max-video-preview:-1",https://cnfcd.life/eating-out-hotpot-yakiniku-japanese-fat-loss-guide/
https://cnfcd.life/en/weight-regain-metabolic-adaptation-science-diet/,200,indexable_200,,"max-image-preview:large | index, follow, max-image-preview:large, max-snippet:-1, max-video-preview:-1",https://cnfcd.life/en/weight-regain-metabolic-adaptation-science-diet/
https://cnfcd.life/en/apob-sdldl-lpa-cardiovascular-risk-blood-lipids/,200,indexable_200,,"max-image-preview:large | index, follow, max-image-preview:large, max-snippet:-1, max-video-preview:-1",https://cnfcd.life/en/apob-sdldl-lpa-cardiovascular-risk-blood-lipids/
https://cnfcd.life/en/cnfcd-vs-168-intermittent-fasting-comparison-en/,200,indexable_200,,"max-image-preview:large | index, follow, max-image-preview:large, max-snippet:-1, max-video-preview:-1",https://cnfcd.life/en/cnfcd-vs-168-intermittent-fasting-comparison-en/
https://cnfcd.life/en/fatty-liver-diet-guide-nafld-stages-what-to-eat/,200,indexable_200,,"max-image-preview:large | index, follow, max-image-preview:large, max-snippet:-1, max-video-preview:-1",https://cnfcd.life/en/fatty-liver-diet-guide-nafld-stages-what-to-eat/
https://cnfcd.life/en/fatty-liver-symptoms-metabolic-warning-signs-en/,200,indexable_200,,"max-image-preview:large | index, follow, max-image-preview:large, max-snippet:-1, max-video-preview:-1",https://cnfcd.life/en/fatty-liver-symptoms-metabolic-warning-signs-en/
https://cnfcd.life/eye-diseases-glaucoma-macular-degeneration-retinal/,200,indexable_200,,"max-image-preview:large | index, follow, max-image-preview:large, max-snippet:-1, max-video-preview:-1",https://cnfcd.life/eye-diseases-glaucoma-macular-degeneration-retinal/
https://cnfcd.life/health-checkup-report-comprehensive-interpretation/,200,indexable_200,,"max-image-preview:large | index, follow, max-image-preview:large, max-snippet:-1, max-video-preview:-1",https://cnfcd.life/health-checkup-report-comprehensive-interpretation/
https://cnfcd.life/cnfcd-vs-mediterranean-diet-comparison-metabolic-health/,200,indexable_200,,"max-image-preview:large | index, follow, max-image-preview:large, max-snippet:-1, max-video-preview:-1",https://cnfcd.life/cnfcd-vs-mediterranean-diet-comparison-metabolic-health/
https://cnfcd.life/en/obesity-skin-acne-dark-spots-eczema-metabolic-health/,200,indexable_200,,"max-image-preview:large | index, follow, max-image-preview:large, max-snippet:-1, max-video-preview:-1",https://cnfcd.life/en/obesity-skin-acne-dark-spots-eczema-metabolic-health/
https://cnfcd.life/en/post-menopause-weight-gain-hormones-metabolism-cnfcd/,200,indexable_200,,"max-image-preview:large | index, follow, max-image-preview:large, max-snippet:-1, max-video-preview:-1",https://cnfcd.life/en/post-menopause-weight-gain-hormones-metabolism-cnfcd/
https://cnfcd.life/glp1-drug-mechanism-muscle-loss-weight-rebound-analysis/,200,indexable_200,,"max-image-preview:large | index, follow, max-image-preview:large, max-snippet:-1, max-video-preview:-1",https://cnfcd.life/glp1-drug-mechanism-muscle-loss-weight-rebound-analysis/
https://cnfcd.life/why-weight-rebound-metabolic-mechanism-diet-strategy/,200,indexable_200,,"max-image-preview:large | index, follow, max-image-preview:large, max-snippet:-1, max-video-preview:-1",https://cnfcd.life/why-weight-rebound-metabolic-mechanism-diet-strategy/
https://cnfcd.life/cnfcd-vs-tcm-traditional-chinese-medicine-comparison/,200,indexable_200,,"max-image-preview:large | index, follow, max-image-preview:large, max-snippet:-1, max-video-preview:-1",https://cnfcd.life/cnfcd-vs-tcm-traditional-chinese-medicine-comparison/
https://cnfcd.life/en/waist-circumference-metabolic-health-visceral-fat/,200,indexable_200,,"max-image-preview:large | index, follow, max-image-preview:large, max-snippet:-1, max-video-preview:-1",https://cnfcd.life/en/waist-circumference-metabolic-health-visceral-fat/
https://cnfcd.life/environmental-toxins-endocrine-disruptors-metabolism/,200,indexable_200,,"max-image-preview:large | index, follow, max-image-preview:large, max-snippet:-1, max-video-preview:-1",https://cnfcd.life/environmental-toxins-endocrine-disruptors-metabolism/
https://cnfcd.life/insulin-resistance-most-overlooked-metabolic-problem/,200,indexable_200,,"max-image-preview:large | index, follow, max-image-preview:large, max-snippet:-1, max-video-preview:-1",https://cnfcd.life/insulin-resistance-most-overlooked-metabolic-problem/
https://cnfcd.life/sibo-small-intestinal-bacterial-overgrowth-metabolic/,200,indexable_200,,"max-image-preview:large | index, follow, max-image-preview:large, max-snippet:-1, max-video-preview:-1",https://cnfcd.life/sibo-small-intestinal-bacterial-overgrowth-metabolic/
https://cnfcd.life/tcm-constitution-metabolism-cross-point-dampness-yang/,200,indexable_200,,"max-image-preview:large | index, follow, max-image-preview:large, max-snippet:-1, max-video-preview:-1",https://cnfcd.life/tcm-constitution-metabolism-cross-point-dampness-yang/
https://cnfcd.life/cnfcd-vs-cico-calories-metabolic-structure-comparison/,200,indexable_200,,"max-image-preview:large | index, follow, max-image-preview:large, max-snippet:-1, max-video-preview:-1",https://cnfcd.life/cnfcd-vs-cico-calories-metabolic-structure-comparison/
https://cnfcd.life/cnfcd-fat-loss-consulting-precision-health-management/,200,indexable_200,,"max-image-preview:large | index, follow, max-image-preview:large, max-snippet:-1, max-video-preview:-1",https://cnfcd.life/cnfcd-fat-loss-consulting-precision-health-management/
https://cnfcd.life/cnfcd-vs-ketogenic-diet-mechanism-pros-cons-comparison/,200,indexable_200,,"max-image-preview:large | index, follow, max-image-preview:large, max-snippet:-1, max-video-preview:-1",https://cnfcd.life/cnfcd-vs-ketogenic-diet-mechanism-pros-cons-comparison/
https://cnfcd.life/en/diet-for-three-highs-blood-sugar-lipids-pressure-en/,200,indexable_200,,"max-image-preview:large | index, follow, max-image-preview:large, max-snippet:-1, max-video-preview:-1",https://cnfcd.life/en/diet-for-three-highs-blood-sugar-lipids-pressure-en/
https://cnfcd.life/en/post-menopause-weight-gain-hormones-belly-fat-women/,200,indexable_200,,"max-image-preview:large | index, follow, max-image-preview:large, max-snippet:-1, max-video-preview:-1",https://cnfcd.life/en/post-menopause-weight-gain-hormones-belly-fat-women/
https://cnfcd.life/en/taiwan-breakfast-nightmarket-blood-sugar-metabolic-guide/,200,indexable_200,,"max-image-preview:large | index, follow, max-image-preview:large, max-snippet:-1, max-video-preview:-1",https://cnfcd.life/en/taiwan-breakfast-nightmarket-blood-sugar-metabolic-guide/
https://cnfcd.life/pillar-metabolic-syndrome-insulin-resistance-complete-guide/,200,indexable_200,,"max-image-preview:large | index, follow, max-image-preview:large, max-snippet:-1, max-video-preview:-1",https://cnfcd.life/pillar-metabolic-syndrome-insulin-resistance-complete-guide/
https://cnfcd.life/taiwan-breakfast-nightmarket-metabolic-traps-blood-sugar/,200,indexable_200,,"max-image-preview:large | index, follow, max-image-preview:large, max-snippet:-1, max-video-preview:-1",https://cnfcd.life/taiwan-breakfast-nightmarket-metabolic-traps-blood-sugar/
https://cnfcd.life/why-eating-too-little-makes-you-fat-metabolic-adaptation/,200,indexable_200,,"max-image-preview:large | index, follow, max-image-preview:large, max-snippet:-1, max-video-preview:-1",https://cnfcd.life/why-eating-too-little-makes-you-fat-metabolic-adaptation/
https://cnfcd.life/cgm-continuous-glucose-monitoring-metabolic-optimization/,200,indexable_200,,"max-image-preview:large | index, follow, max-image-preview:large, max-snippet:-1, max-video-preview:-1",https://cnfcd.life/cgm-continuous-glucose-monitoring-metabolic-optimization/
https://cnfcd.life/en/emotional-eating-food-addiction-neuroscience-dopamine/,200,indexable_200,,"max-image-preview:large | index, follow, max-image-preview:large, max-snippet:-1, max-video-preview:-1",https://cnfcd.life/en/emotional-eating-food-addiction-neuroscience-dopamine/
https://cnfcd.life/en/glp1-semaglutide-mechanism-muscle-loss-weight-rebound/,200,indexable_200,,"max-image-preview:large | index, follow, max-image-preview:large, max-snippet:-1, max-video-preview:-1",https://cnfcd.life/en/glp1-semaglutide-mechanism-muscle-loss-weight-rebound/
https://cnfcd.life/en/weight-same-waist-smaller-body-recomposition-explained/,200,indexable_200,,"max-image-preview:large | index, follow, max-image-preview:large, max-snippet:-1, max-video-preview:-1",https://cnfcd.life/en/weight-same-waist-smaller-body-recomposition-explained/
https://cnfcd.life/office-worker-metabolism-protection-sedentary-diet-stress/,200,indexable_200,,"max-image-preview:large | index, follow, max-image-preview:large, max-snippet:-1, max-video-preview:-1",https://cnfcd.life/office-worker-metabolism-protection-sedentary-diet-stress/
https://cnfcd.life/en/anti-aging-longevity-autophagy-nad-senescent-cells-diet/,200,indexable_200,,"max-image-preview:large | index, follow, max-image-preview:large, max-snippet:-1, max-video-preview:-1",https://cnfcd.life/en/anti-aging-longevity-autophagy-nad-senescent-cells-diet/
https://cnfcd.life/en/cnfcd-vs-mediterranean-diet-metabolic-health-comparison/,200,indexable_200,,"max-image-preview:large | index, follow, max-image-preview:large, max-snippet:-1, max-video-preview:-1",https://cnfcd.life/en/cnfcd-vs-mediterranean-diet-metabolic-health-comparison/
https://cnfcd.life/metabolic-supplements-berberine-magnesium-vitamin-d-omega3/,200,indexable_200,,"max-image-preview:large | index, follow, max-image-preview:large, max-snippet:-1, max-video-preview:-1",https://cnfcd.life/metabolic-supplements-berberine-magnesium-vitamin-d-omega3/
https://cnfcd.life/en/cnfcd-vs-cico-calorie-counting-metabolic-fat-loss-comparison/,200,indexable_200,,"max-image-preview:large | index, follow, max-image-preview:large, max-snippet:-1, max-video-preview:-1",https://cnfcd.life/en/cnfcd-vs-cico-calorie-counting-metabolic-fat-loss-comparison/
https://cnfcd.life/en/office-worker-metabolism-sedentary-diet-stress-protection/,200,indexable_200,,"max-image-preview:large | index, follow, max-image-preview:large, max-snippet:-1, max-video-preview:-1",https://cnfcd.life/en/office-worker-metabolism-sedentary-diet-stress-protection/
https://cnfcd.life/micronutrient-deficiency-vitamin-d-magnesium-zinc-metabolism/,200,indexable_200,,"max-image-preview:large | index, follow, max-image-preview:large, max-snippet:-1, max-video-preview:-1",https://cnfcd.life/micronutrient-deficiency-vitamin-d-magnesium-zinc-metabolism/
https://cnfcd.life/en/tcm-constitution-metabolism-phlegm-dampness-yang-deficiency/,200,indexable_200,,"max-image-preview:large | index, follow, max-image-preview:large, max-snippet:-1, max-video-preview:-1",https://cnfcd.life/en/tcm-constitution-metabolism-phlegm-dampness-yang-deficiency/
https://cnfcd.life/en/cnfcd-health-plan-reset-your-metabolism-reclaim-your-health/,200,indexable_200,,"max-image-preview:large | index, follow, max-image-preview:large, max-snippet:-1, max-video-preview:-1",https://cnfcd.life/en/cnfcd-health-plan-reset-your-metabolism-reclaim-your-health/
https://cnfcd.life/ai-諮詢機器人測試/,301,redirect,https://cnfcd.life/ai-weight-loss-program/,,
https://cnfcd.life/en/obesity-and-infertility-how-excess-body-fat-affects-your-chances-of-conception/,200,indexable_200,,"max-image-preview:large | index, follow, max-image-preview:large, max-snippet:-1, max-video-preview:-1",https://cnfcd.life/en/obesity-and-infertility-how-excess-body-fat-affects-your-chances-of-conception/
https://cnfcd.life/en/metabolic-syndrome-and-poor-sleep-how-blood-sugar-instability-keeps-you-up-at-night/,200,indexable_200,,"max-image-preview:large | index, follow, max-image-preview:large, max-snippet:-1, max-video-preview:-1",https://cnfcd.life/en/metabolic-syndrome-and-poor-sleep-how-blood-sugar-instability-keeps-you-up-at-night/
https://cnfcd.life/肥胖與不孕：當脂肪影響了你生育的機會/,301,redirect,https://cnfcd.life/obesity-infertility-body-fat-conception/,,
https://cnfcd.life/減脂停滯期怎麼辦？身體適應機制的科學解釋/,301,redirect,https://cnfcd.life/fat-loss-plateau-metabolic-adaptation/,,
https://cnfcd.life/cnfcd-健康計畫：從代謝修復開始，找回真正的健康/,301,redirect,https://cnfcd.life/cnfcd-health-plan-metabolic-reset-recovery/,,
